,registered,dteday,recency,frequency,monetary,recency_score,frequency_score,monetary_score,RFM_score,user_segment
0,0,2012-11-23,38,24,35,4,4,2,10,Medium-Value Users
1,1,2012-12-31,0,201,294,5,5,2,12,Medium-Value Users
2,2,2012-12-30,1,245,648,5,5,2,12,Medium-Value Users
3,3,2012-12-31,0,294,1154,5,5,2,12,Medium-Value Users
4,4,2012-12-28,3,307,1602,5,5,2,12,Medium-Value Users
5,5,2012-12-29,2,287,1840,5,5,3,13,High-Value Users
6,6,2012-12-25,6,266,1992,5,5,3,13,High-Value Users
7,7,2012-12-30,1,200,1787,5,5,3,13,High-Value Users
8,8,2012-12-31,0,190,1968,5,5,3,13,High-Value Users
9,9,2012-12-31,0,178,2057,5,5,3,13,High-Value Users
10,10,2012-12-27,4,133,1651,5,5,2,12,Medium-Value Users
11,11,2012-12-26,5,140,1927,5,5,3,13,High-Value Users
12,12,2012-12-24,7,90,1350,5,5,2,12,Medium-Value Users
13,13,2012-12-31,0,93,1487,5,5,2,12,Medium-Value Users
14,14,2012-12-30,1,101,1692,5,5,2,12,Medium-Value Users
15,15,2012-12-28,3,95,1692,5,5,2,12,Medium-Value Users
16,16,2012-12-25,6,92,1795,5,5,3,13,High-Value Users
17,17,2012-12-29,2,85,1751,5,5,3,13,High-Value Users
18,18,2012-12-29,2,80,1819,5,5,3,13,High-Value Users
19,19,2012-12-30,1,106,2433,5,5,3,13,High-Value Users
20,20,2012-12-26,5,95,2240,5,5,3,13,High-Value Users
21,21,2012-12-25,6,81,2084,5,5,3,13,High-Value Users
22,22,2012-12-28,3,105,2781,5,5,3,13,High-Value Users
23,23,2012-12-25,6,90,2551,5,5,3,13,High-Value Users
24,24,2012-12-27,4,83,2300,5,5,3,13,High-Value Users
25,25,2012-12-29,2,77,2317,5,5,3,13,High-Value Users
26,26,2012-12-26,5,83,2589,5,5,3,13,High-Value Users
27,27,2012-12-30,1,68,2151,5,5,3,13,High-Value Users
28,28,2012-11-22,39,73,2370,4,5,3,12,Medium-Value Users
29,29,2012-12-25,6,71,2416,5,5,3,13,High-Value Users
30,30,2012-12-31,0,75,2746,5,5,3,13,High-Value Users
31,31,2012-12-29,2,70,2540,5,5,3,13,High-Value Users
32,32,2012-12-30,1,63,2344,5,5,3,13,High-Value Users
33,33,2012-12-29,2,66,2629,5,5,3,13,High-Value Users
34,34,2012-12-25,6,65,2524,5,5,3,13,High-Value Users
35,35,2012-12-29,2,59,2382,5,5,3,13,High-Value Users
36,36,2012-12-26,5,57,2350,5,5,3,13,High-Value Users
37,37,2012-12-31,0,58,2560,5,5,3,13,High-Value Users
38,38,2012-12-29,2,54,2493,5,5,3,13,High-Value Users
39,39,2012-12-30,1,67,3073,5,5,3,13,High-Value Users
40,40,2012-12-31,0,59,2712,5,5,3,13,High-Value Users
41,41,2012-12-30,1,52,2641,5,5,3,13,High-Value Users
42,42,2012-12-30,1,51,2545,5,5,3,13,High-Value Users
43,43,2012-12-29,2,65,3358,5,5,3,13,High-Value Users
44,44,2012-12-02,29,48,2444,4,5,3,12,Medium-Value Users
45,45,2012-12-27,4,48,2593,5,5,3,13,High-Value Users
46,46,2012-12-25,6,56,3138,5,5,3,13,High-Value Users
47,47,2012-12-15,16,52,2883,4,5,3,12,Medium-Value Users
48,48,2012-12-31,0,68,3919,5,5,4,14,High-Value Users
49,49,2012-12-28,3,69,3936,5,5,4,14,High-Value Users
50,50,2012-11-21,40,58,3456,4,5,4,13,High-Value Users
51,51,2012-12-29,2,53,3291,5,5,3,13,High-Value Users
52,52,2012-12-25,6,50,3131,5,5,3,13,High-Value Users
53,53,2012-12-23,8,71,4475,5,5,4,14,High-Value Users
54,54,2012-12-28,3,53,3485,5,5,4,14,High-Value Users
55,55,2012-12-22,9,60,3967,5,5,4,14,High-Value Users
56,56,2012-12-29,2,48,3282,5,5,3,13,High-Value Users
57,57,2012-12-21,10,51,3383,5,5,4,14,High-Value Users
58,58,2012-11-16,45,49,3401,4,5,4,13,High-Value Users
59,59,2012-11-27,34,53,3680,4,5,4,13,High-Value Users
60,60,2012-12-11,20,47,3305,4,5,3,12,Medium-Value Users
61,61,2012-10-28,64,52,3700,3,5,4,12,Medium-Value Users
62,62,2012-12-24,7,52,3874,5,5,4,14,High-Value Users
63,63,2012-12-30,1,48,3564,5,5,4,14,High-Value Users
64,64,2012-12-29,2,70,5511,5,5,4,14,High-Value Users
65,65,2012-12-30,1,48,3840,5,5,4,14,High-Value Users
66,66,2012-11-24,37,48,4005,4,5,4,13,High-Value Users
67,67,2012-12-27,4,49,3864,5,5,4,14,High-Value Users
68,68,2012-12-25,6,52,4249,5,5,4,14,High-Value Users
69,69,2012-12-05,26,43,3474,4,5,4,13,High-Value Users
70,70,2012-12-09,22,48,4051,4,5,4,13,High-Value Users
71,71,2012-12-29,2,56,4842,5,5,4,14,High-Value Users
72,72,2012-12-02,29,54,4585,4,5,4,13,High-Value Users
73,73,2012-11-28,33,51,4596,4,5,4,13,High-Value Users
74,74,2012-11-24,37,43,3797,4,5,4,13,High-Value Users
75,75,2012-12-28,3,44,3896,5,5,4,14,High-Value Users
76,76,2012-12-21,10,49,4388,5,5,4,14,High-Value Users
77,77,2012-12-22,9,45,4518,5,5,4,14,High-Value Users
78,78,2012-11-14,47,44,4055,3,5,4,12,Medium-Value Users
79,79,2012-12-27,4,59,5651,5,5,4,14,High-Value Users
80,80,2012-12-27,4,58,5599,5,5,4,14,High-Value Users
81,81,2012-12-31,0,52,5265,5,5,4,14,High-Value Users
82,82,2012-12-24,7,50,5080,5,5,4,14,High-Value Users
83,83,2012-12-31,0,59,5857,5,5,4,14,High-Value Users
84,84,2012-12-19,12,43,4393,5,5,4,14,High-Value Users
85,85,2012-12-28,3,50,5511,5,5,4,14,High-Value Users
86,86,2012-12-30,1,60,6370,5,5,5,15,High-Value Users
87,87,2012-12-31,0,43,4466,5,5,4,14,High-Value Users
88,88,2012-12-29,2,64,6954,5,5,5,15,High-Value Users
89,89,2012-12-27,4,46,5153,5,5,4,14,High-Value Users
90,90,2012-12-29,2,45,4922,5,5,4,14,High-Value Users
91,91,2012-12-30,1,40,4428,5,5,4,14,High-Value Users
92,92,2012-12-16,15,50,5723,5,5,4,14,High-Value Users
93,93,2012-12-23,8,49,5983,5,5,4,14,High-Value Users
94,94,2012-12-27,4,52,6099,5,5,4,14,High-Value Users
95,95,2012-11-27,34,75,8873,4,5,5,14,High-Value Users
96,96,2012-11-24,37,48,6027,4,5,4,13,High-Value Users
97,97,2012-12-30,1,53,6380,5,5,5,15,High-Value Users
98,98,2012-12-23,8,52,6201,5,5,4,14,High-Value Users
99,99,2012-12-27,4,58,6916,5,5,5,15,High-Value Users
100,100,2012-12-29,2,53,6515,5,5,5,15,High-Value Users
101,101,2012-12-30,1,47,5746,5,5,4,14,High-Value Users
102,102,2012-12-30,1,59,7186,5,5,5,15,High-Value Users
103,103,2012-12-30,1,51,6647,5,5,5,15,High-Value Users
104,104,2012-12-24,7,67,8789,5,5,5,15,High-Value Users
105,105,2012-12-22,9,49,6170,5,5,4,14,High-Value Users
106,106,2012-12-27,4,48,6313,5,5,4,14,High-Value Users
107,107,2012-12-28,3,56,7413,5,5,5,15,High-Value Users
108,108,2012-12-31,0,61,7958,5,5,5,15,High-Value Users
109,109,2012-12-19,12,43,5922,5,5,4,14,High-Value Users
110,110,2012-12-29,2,53,7214,5,5,5,15,High-Value Users
111,111,2012-12-28,3,61,8537,5,5,5,15,High-Value Users
112,112,2012-12-31,0,60,8212,5,5,5,15,High-Value Users
113,113,2012-12-30,1,36,5033,5,4,4,13,High-Value Users
114,114,2012-12-31,0,58,8506,5,5,5,15,High-Value Users
115,115,2012-12-20,11,59,8267,5,5,5,15,High-Value Users
116,116,2012-12-12,19,56,7971,4,5,5,14,High-Value Users
117,117,2012-12-19,12,42,6262,5,5,4,14,High-Value Users
118,118,2012-12-23,8,48,7303,5,5,5,15,High-Value Users
119,119,2012-12-05,26,56,8117,4,5,5,14,High-Value Users
120,120,2012-12-30,1,50,7575,5,5,5,15,High-Value Users
121,121,2012-12-30,1,50,7485,5,5,5,15,High-Value Users
122,122,2012-12-06,25,42,6395,4,5,5,14,High-Value Users
123,123,2012-12-23,8,45,6908,5,5,5,15,High-Value Users
124,124,2012-12-22,9,44,6706,5,5,5,15,High-Value Users
125,125,2012-12-29,2,39,6355,5,5,4,14,High-Value Users
126,126,2012-12-12,19,55,8652,4,5,5,14,High-Value Users
127,127,2012-12-27,4,61,9916,5,5,5,15,High-Value Users
128,128,2012-12-22,9,50,7954,5,5,5,15,High-Value Users
129,129,2012-09-17,105,42,7097,2,5,5,12,Medium-Value Users
130,130,2012-12-22,9,57,9361,5,5,5,15,High-Value Users
131,131,2012-12-06,25,35,5734,4,4,4,12,Medium-Value Users
132,132,2012-11-28,33,44,7173,4,5,5,14,High-Value Users
133,133,2012-12-01,30,42,7156,4,5,5,14,High-Value Users
134,134,2012-12-15,16,53,8773,4,5,5,14,High-Value Users
135,135,2012-12-22,9,43,7039,5,5,5,15,High-Value Users
136,136,2012-12-03,28,43,7508,4,5,5,14,High-Value Users
137,137,2012-12-23,8,51,9157,5,5,5,15,High-Value Users
138,138,2012-12-20,11,41,7048,5,5,5,15,High-Value Users
139,139,2012-12-22,9,55,9544,5,5,5,15,High-Value Users
140,140,2012-10-22,70,35,6200,3,4,4,11,Medium-Value Users
141,141,2012-12-22,9,48,8787,5,5,5,15,High-Value Users
142,142,2012-12-11,20,54,9688,4,5,5,14,High-Value Users
143,143,2012-11-22,39,39,7228,4,5,5,14,High-Value Users
144,144,2012-12-31,0,54,9763,5,5,5,15,High-Value Users
145,145,2012-12-11,20,42,7608,4,5,5,14,High-Value Users
146,146,2012-12-28,3,45,8413,5,5,5,15,High-Value Users
147,147,2012-12-19,12,45,8197,5,5,5,15,High-Value Users
148,148,2012-12-21,10,49,9237,5,5,5,15,High-Value Users
149,149,2012-11-24,37,42,8082,4,5,5,14,High-Value Users
150,150,2012-12-31,0,56,10675,5,5,5,15,High-Value Users
151,151,2012-12-28,3,49,9331,5,5,5,15,High-Value Users
152,152,2012-10-31,61,40,7826,3,5,5,13,High-Value Users
153,153,2012-12-08,23,47,9405,4,5,5,14,High-Value Users
154,154,2012-11-22,39,42,8121,4,5,5,14,High-Value Users
155,155,2012-12-04,27,59,11614,4,5,5,14,High-Value Users
156,156,2012-11-01,60,59,11837,3,5,5,13,High-Value Users
157,157,2012-11-16,45,37,7464,4,5,5,14,High-Value Users
158,158,2012-12-02,29,45,8893,4,5,5,14,High-Value Users
159,159,2012-12-18,13,41,8262,5,5,5,15,High-Value Users
160,160,2012-11-20,41,30,6339,4,4,4,12,Medium-Value Users
161,161,2012-12-05,26,59,12081,4,5,5,14,High-Value Users
162,162,2012-12-18,13,48,9543,5,5,5,15,High-Value Users
163,163,2012-11-09,52,50,10580,3,5,5,13,High-Value Users
164,164,2012-12-19,12,43,8663,5,5,5,15,High-Value Users
165,165,2012-12-31,0,38,7633,5,5,5,15,High-Value Users
166,166,2012-09-19,103,40,8137,2,5,5,12,Medium-Value Users
167,167,2012-11-14,47,33,7262,3,4,5,12,Medium-Value Users
168,168,2012-12-20,11,54,11666,5,5,5,15,High-Value Users
169,169,2012-12-19,12,44,9453,5,5,5,15,High-Value Users
170,170,2012-12-01,30,50,10777,4,5,5,14,High-Value Users
171,171,2012-12-20,11,42,8997,5,5,5,15,High-Value Users
172,172,2012-12-31,0,33,7617,5,4,5,14,High-Value Users
173,173,2012-12-28,3,35,8134,5,4,5,14,High-Value Users
174,174,2012-11-29,32,36,7907,4,4,5,13,High-Value Users
175,175,2012-12-08,23,46,10591,4,5,5,14,High-Value Users
176,176,2012-11-09,52,53,12095,3,5,5,13,High-Value Users
177,177,2012-12-28,3,44,10149,5,5,5,15,High-Value Users
178,178,2012-12-15,16,50,11076,4,5,5,14,High-Value Users
179,179,2012-12-10,21,33,7668,4,4,5,13,High-Value Users
180,180,2012-12-14,17,39,8984,4,5,5,14,High-Value Users
181,181,2012-12-20,11,37,8988,5,5,5,15,High-Value Users
182,182,2012-12-03,28,31,7274,4,4,5,13,High-Value Users
183,183,2012-12-19,12,41,9674,5,5,5,15,High-Value Users
184,184,2012-12-31,0,43,10274,5,5,5,15,High-Value Users
185,185,2012-12-31,0,36,8607,5,4,5,14,High-Value Users
186,186,2012-12-12,19,43,10347,4,5,5,14,High-Value Users
187,187,2012-12-31,0,38,9399,5,5,5,15,High-Value Users
188,188,2012-12-27,4,44,10624,5,5,5,15,High-Value Users
189,189,2012-11-28,33,46,10835,4,5,5,14,High-Value Users
190,190,2012-12-10,21,34,8067,4,4,5,13,High-Value Users
191,191,2012-12-18,13,37,9351,5,5,5,15,High-Value Users
192,192,2012-12-17,14,41,10763,5,5,5,15,High-Value Users
193,193,2012-12-11,20,35,8914,4,4,5,13,High-Value Users
194,194,2012-12-17,14,31,7418,5,4,5,14,High-Value Users
195,195,2012-11-23,38,27,6670,4,4,5,13,High-Value Users
196,196,2012-12-17,14,35,9328,5,4,5,14,High-Value Users
197,197,2012-12-28,3,36,8804,5,4,5,14,High-Value Users
198,198,2012-11-21,40,35,8457,4,4,5,13,High-Value Users
199,199,2012-12-21,10,34,8320,5,4,5,14,High-Value Users
200,200,2012-12-13,18,29,7253,4,4,5,13,High-Value Users
201,201,2012-11-29,32,34,9129,4,4,5,13,High-Value Users
202,202,2012-11-08,53,37,9844,3,5,5,13,High-Value Users
203,203,2012-12-19,12,36,9603,5,4,5,14,High-Value Users
204,204,2012-12-07,24,28,6961,4,4,5,13,High-Value Users
205,205,2012-12-21,10,27,7106,5,4,5,14,High-Value Users
206,206,2012-12-27,4,39,10335,5,5,5,15,High-Value Users
207,207,2012-12-12,19,39,10020,4,5,5,14,High-Value Users
208,208,2012-12-28,3,30,8098,5,4,5,14,High-Value Users
209,209,2012-12-19,12,40,11207,5,5,5,15,High-Value Users
210,210,2012-12-09,22,28,7567,4,4,5,13,High-Value Users
211,211,2012-12-18,13,32,8392,5,4,5,14,High-Value Users
212,212,2012-12-08,23,33,9175,4,4,5,13,High-Value Users
213,213,2012-12-11,20,27,7523,4,4,5,13,High-Value Users
214,214,2012-12-21,10,36,10485,5,4,5,14,High-Value Users
215,215,2012-12-16,15,22,6588,5,4,5,14,High-Value Users
216,216,2012-12-20,11,37,10657,5,5,5,15,High-Value Users
217,217,2012-11-06,55,30,8607,3,4,5,12,Medium-Value Users
218,218,2012-12-18,13,38,10423,5,5,5,15,High-Value Users
219,219,2012-12-01,30,27,7771,4,4,5,13,High-Value Users
220,220,2012-12-12,19,38,10444,4,5,5,14,High-Value Users
221,221,2012-08-31,122,30,8770,2,4,5,11,Medium-Value Users
222,222,2012-12-06,25,38,10989,4,5,5,14,High-Value Users
223,223,2012-09-30,92,34,10001,3,4,5,12,Medium-Value Users
224,224,2012-12-10,21,33,10171,4,4,5,13,High-Value Users
225,225,2012-12-15,16,34,9884,4,4,5,13,High-Value Users
226,226,2012-12-11,20,36,10800,4,4,5,13,High-Value Users
227,227,2012-12-27,4,31,9146,5,4,5,14,High-Value Users
228,228,2012-12-28,3,39,11829,5,5,5,15,High-Value Users
229,229,2012-12-07,24,27,8138,4,4,5,13,High-Value Users
230,230,2012-12-13,18,34,11310,4,4,5,13,High-Value Users
231,231,2012-12-19,12,28,8210,5,4,5,14,High-Value Users
232,232,2012-12-15,16,32,9914,4,4,5,13,High-Value Users
233,233,2012-12-04,27,29,8321,4,4,5,13,High-Value Users
234,234,2012-12-21,10,25,7858,5,4,5,14,High-Value Users
235,235,2012-12-18,13,26,8240,5,4,5,14,High-Value Users
236,236,2012-12-21,10,19,5853,5,4,4,13,High-Value Users
237,237,2012-11-17,44,21,6430,4,4,5,13,High-Value Users
238,238,2012-12-28,3,26,8180,5,4,5,14,High-Value Users
239,239,2012-11-05,56,28,8830,3,4,5,12,Medium-Value Users
240,240,2012-12-13,18,31,9400,4,4,5,13,High-Value Users
241,241,2012-11-30,31,36,11027,4,4,5,13,High-Value Users
242,242,2012-10-25,67,28,8643,3,4,5,12,Medium-Value Users
243,243,2012-12-12,19,29,9926,4,4,5,13,High-Value Users
244,244,2012-12-14,17,34,11337,4,4,5,13,High-Value Users
245,245,2012-10-24,68,28,9142,3,4,5,12,Medium-Value Users
246,246,2012-12-31,0,25,7937,5,4,5,14,High-Value Users
247,247,2012-10-25,67,36,11749,3,4,5,12,Medium-Value Users
248,248,2012-12-16,15,26,7800,5,4,5,14,High-Value Users
249,249,2012-11-07,54,14,4629,3,4,4,11,Medium-Value Users
250,250,2012-12-15,16,15,4848,4,4,4,12,Medium-Value Users
251,251,2012-12-14,17,24,7506,4,4,5,13,High-Value Users
252,252,2012-12-14,17,33,10723,4,4,5,13,High-Value Users
253,253,2012-12-21,10,33,11226,5,4,5,14,High-Value Users
254,254,2012-09-19,103,23,7776,2,4,5,11,Medium-Value Users
255,255,2012-12-09,22,30,9881,4,4,5,13,High-Value Users
256,256,2012-11-10,51,31,10231,3,4,5,12,Medium-Value Users
257,257,2012-12-06,25,20,6810,4,4,5,13,High-Value Users
258,258,2012-11-28,33,25,8852,4,4,5,13,High-Value Users
259,259,2012-10-31,61,17,5471,3,4,4,11,Medium-Value Users
260,260,2012-12-16,15,30,10314,5,4,5,14,High-Value Users
261,261,2012-10-17,75,16,5814,3,4,4,11,Medium-Value Users
262,262,2012-11-30,31,27,8880,4,4,5,13,High-Value Users
263,263,2012-09-29,93,18,6194,3,4,4,11,Medium-Value Users
264,264,2012-12-18,13,22,7555,5,4,5,14,High-Value Users
265,265,2012-12-21,10,30,9753,5,4,5,14,High-Value Users
266,266,2012-09-21,101,18,6001,3,4,4,11,Medium-Value Users
267,267,2012-11-18,43,20,6756,4,4,5,13,High-Value Users
268,268,2012-12-08,23,20,7338,4,4,5,13,High-Value Users
269,269,2012-12-07,24,16,5695,4,4,4,12,Medium-Value Users
270,270,2012-12-01,30,30,10489,4,4,5,13,High-Value Users
271,271,2012-12-17,14,18,6346,5,4,4,13,High-Value Users
272,272,2012-12-12,19,14,5153,4,4,4,12,Medium-Value Users
273,273,2012-12-10,21,22,7701,4,4,5,13,High-Value Users
274,274,2012-12-15,16,18,6457,4,4,5,13,High-Value Users
275,275,2012-08-30,123,17,6440,2,4,5,11,Medium-Value Users
276,276,2012-11-26,35,21,7422,4,4,5,13,High-Value Users
277,277,2012-10-19,73,16,5522,3,4,4,11,Medium-Value Users
278,278,2012-11-09,52,21,7919,3,4,5,12,Medium-Value Users
279,279,2012-10-11,81,18,6723,3,4,5,12,Medium-Value Users
280,280,2012-11-12,49,16,5512,3,4,4,11,Medium-Value Users
281,281,2012-12-20,11,18,6350,5,4,4,13,High-Value Users
282,282,2012-11-13,48,17,6246,3,4,4,11,Medium-Value Users
283,283,2012-09-07,115,15,4971,2,4,4,10,Medium-Value Users
284,284,2012-12-03,28,22,8314,4,4,5,13,High-Value Users
285,285,2012-07-12,172,11,3538,2,4,4,10,Medium-Value Users
286,286,2012-11-29,32,17,5925,4,4,4,12,Medium-Value Users
287,287,2012-12-17,14,18,6405,5,4,5,14,High-Value Users
288,288,2012-10-19,73,24,9039,3,4,5,12,Medium-Value Users
289,289,2012-12-16,15,22,7975,5,4,5,14,High-Value Users
290,290,2012-11-14,47,11,4660,3,4,4,11,Medium-Value Users
291,291,2012-12-10,21,17,6454,4,4,5,13,High-Value Users
292,292,2012-12-16,15,23,8540,5,4,5,14,High-Value Users
293,293,2012-09-04,118,11,4108,2,4,4,10,Medium-Value Users
294,294,2012-10-08,84,14,4933,3,4,4,11,Medium-Value Users
295,295,2012-11-21,40,9,3494,4,3,4,11,Medium-Value Users
296,296,2012-08-21,132,17,6316,2,4,4,10,Medium-Value Users
297,297,2012-12-21,10,14,5079,5,4,4,13,High-Value Users
298,298,2012-11-20,41,20,7364,4,4,5,13,High-Value Users
299,299,2012-10-13,79,22,8342,3,4,5,12,Medium-Value Users
300,300,2012-12-13,18,15,5940,4,4,4,12,Medium-Value Users
301,301,2012-10-17,75,14,5312,3,4,4,11,Medium-Value Users
302,302,2012-12-14,17,21,7520,4,4,5,13,High-Value Users
303,303,2012-12-20,11,12,4621,5,4,4,13,High-Value Users
304,304,2012-11-09,52,11,4427,3,4,4,11,Medium-Value Users
305,305,2012-12-14,17,15,5633,4,4,4,12,Medium-Value Users
306,306,2012-11-16,45,12,4614,4,4,4,12,Medium-Value Users
307,307,2012-12-18,13,8,3684,5,3,4,12,Medium-Value Users
308,308,2012-12-10,21,15,5690,4,4,4,12,Medium-Value Users
309,309,2012-12-19,12,12,5384,5,4,4,13,High-Value Users
310,310,2012-12-12,19,16,6166,4,4,4,12,Medium-Value Users
311,311,2012-12-02,29,14,5566,4,4,4,12,Medium-Value Users
312,312,2012-11-12,49,17,6855,3,4,5,12,Medium-Value Users
313,313,2012-11-30,31,13,4713,4,4,4,12,Medium-Value Users
314,314,2012-12-17,14,17,7422,5,4,5,14,High-Value Users
315,315,2012-09-21,101,12,5073,3,4,4,11,Medium-Value Users
316,316,2012-11-28,33,19,7801,4,4,5,13,High-Value Users
317,317,2012-12-04,27,16,6624,4,4,5,13,High-Value Users
318,318,2012-12-01,30,15,6107,4,4,4,12,Medium-Value Users
319,319,2012-11-03,58,10,4269,3,4,4,11,Medium-Value Users
320,320,2012-11-21,40,20,7653,4,4,5,13,High-Value Users
321,321,2012-11-08,53,10,4063,3,4,4,11,Medium-Value Users
322,322,2012-12-11,20,5,2325,4,3,3,10,Medium-Value Users
323,323,2012-12-18,13,19,7958,5,4,5,14,High-Value Users
324,324,2012-11-11,50,13,5881,3,4,4,11,Medium-Value Users
325,325,2012-11-19,42,13,5211,4,4,4,12,Medium-Value Users
326,326,2012-11-29,32,12,4773,4,4,4,12,Medium-Value Users
327,327,2012-12-15,16,11,4595,4,4,4,12,Medium-Value Users
328,328,2012-12-15,16,12,4759,4,4,4,12,Medium-Value Users
329,329,2012-12-19,12,16,6812,5,4,5,14,High-Value Users
330,330,2012-12-14,17,16,7280,4,4,5,13,High-Value Users
331,331,2012-12-02,29,14,5786,4,4,4,12,Medium-Value Users
332,332,2012-11-09,52,15,6233,3,4,4,11,Medium-Value Users
333,333,2012-12-17,14,12,4440,5,4,4,13,High-Value Users
334,334,2012-12-18,13,13,5277,5,4,4,13,High-Value Users
335,335,2012-11-20,41,16,6838,4,4,5,13,High-Value Users
336,336,2012-12-07,24,6,2378,4,3,3,10,Medium-Value Users
337,337,2012-12-07,24,14,6288,4,4,4,12,Medium-Value Users
338,338,2012-11-27,34,14,6249,4,4,4,12,Medium-Value Users
339,339,2012-11-03,58,10,4622,3,4,4,11,Medium-Value Users
340,340,2012-09-07,115,12,5371,2,4,4,10,Medium-Value Users
341,341,2012-12-08,23,9,4284,4,3,4,11,Medium-Value Users
342,342,2012-11-11,50,14,7402,3,4,5,12,Medium-Value Users
343,343,2012-11-17,44,13,5625,4,4,4,12,Medium-Value Users
344,344,2012-11-13,48,9,3680,3,3,4,10,Medium-Value Users
345,345,2012-10-09,83,8,3029,3,3,3,9,Low-Value Users
346,346,2012-12-20,11,17,7490,5,4,5,14,High-Value Users
347,347,2012-12-02,29,17,8063,4,4,5,13,High-Value Users
348,348,2012-11-10,51,15,6760,3,4,5,12,Medium-Value Users
349,349,2012-11-02,59,14,6179,3,4,4,11,Medium-Value Users
350,350,2012-12-16,15,12,5050,5,4,4,13,High-Value Users
351,351,2012-12-18,13,13,6156,5,4,4,13,High-Value Users
352,352,2012-12-15,16,14,5922,4,4,4,12,Medium-Value Users
353,353,2012-07-13,171,7,3079,2,3,3,8,Low-Value Users
354,354,2012-12-05,26,15,6885,4,4,5,13,High-Value Users
355,355,2012-11-26,35,11,5194,4,4,4,12,Medium-Value Users
356,356,2012-12-13,18,12,5540,4,4,4,12,Medium-Value Users
357,357,2012-10-09,83,11,5437,3,4,4,11,Medium-Value Users
358,358,2012-12-02,29,15,6918,4,4,5,13,High-Value Users
359,359,2012-12-20,11,9,3785,5,3,4,12,Medium-Value Users
360,360,2012-12-19,12,9,4217,5,3,4,12,Medium-Value Users
361,361,2012-11-20,41,16,7314,4,4,5,13,High-Value Users
362,362,2012-12-05,26,14,6348,4,4,4,12,Medium-Value Users
363,363,2012-11-26,35,11,5027,4,4,4,12,Medium-Value Users
364,364,2012-12-15,16,7,3161,4,3,3,10,Medium-Value Users
365,365,2012-08-12,141,9,4390,2,3,4,9,Low-Value Users
366,366,2012-12-12,19,11,5679,4,4,4,12,Medium-Value Users
367,367,2012-10-16,76,10,4415,3,4,4,11,Medium-Value Users
368,368,2012-12-15,16,16,7159,4,4,5,13,High-Value Users
369,369,2012-12-01,30,17,8177,4,4,5,13,High-Value Users
370,370,2012-10-27,65,7,3740,3,3,4,10,Medium-Value Users
371,371,2012-12-01,30,10,4781,4,4,4,12,Medium-Value Users
372,372,2012-12-14,17,12,6134,4,4,4,12,Medium-Value Users
373,373,2012-11-02,59,6,2839,3,3,3,9,Low-Value Users
374,374,2012-12-08,23,12,5228,4,4,4,12,Medium-Value Users
375,375,2012-11-15,46,8,3826,3,3,4,10,Medium-Value Users
376,376,2012-10-20,72,8,3768,3,3,4,10,Medium-Value Users
377,377,2012-11-09,52,12,5270,3,4,4,11,Medium-Value Users
378,378,2012-12-08,23,14,6409,4,4,5,13,High-Value Users
379,379,2012-10-04,88,7,3155,3,3,3,9,Low-Value Users
380,380,2012-12-13,18,8,3839,4,3,4,11,Medium-Value Users
381,381,2012-12-06,25,12,5346,4,4,4,12,Medium-Value Users
382,382,2012-10-22,70,6,2861,3,3,3,9,Low-Value Users
383,383,2012-11-10,51,8,4460,3,3,4,10,Medium-Value Users
384,384,2012-12-12,19,11,5101,4,4,4,12,Medium-Value Users
385,385,2012-09-20,102,7,3140,2,3,3,8,Low-Value Users
386,386,2012-12-01,30,9,4035,4,3,4,11,Medium-Value Users
387,387,2012-12-03,28,7,2870,4,3,3,10,Medium-Value Users
388,388,2012-10-27,65,12,6007,3,4,4,11,Medium-Value Users
389,389,2012-12-05,26,7,3250,4,3,3,10,Medium-Value Users
390,390,2012-11-11,50,5,2796,3,3,3,9,Low-Value Users
391,391,2012-12-04,27,14,6466,4,4,5,13,High-Value Users
392,392,2012-05-18,227,4,1733,2,3,3,8,Low-Value Users
393,393,2012-11-11,50,13,5846,3,4,4,11,Medium-Value Users
394,394,2012-08-10,143,7,3097,2,3,3,8,Low-Value Users
395,395,2012-09-07,115,2,886,2,2,2,6,Low-Value Users
396,396,2012-10-24,68,7,3076,3,3,3,9,Low-Value Users
397,397,2012-12-03,28,14,6220,4,4,4,12,Medium-Value Users
398,398,2012-05-16,229,7,3097,2,3,3,8,Low-Value Users
399,399,2012-12-08,23,15,7045,4,4,5,13,High-Value Users
400,400,2012-12-05,26,8,4435,4,3,4,11,Medium-Value Users
401,401,2012-10-27,65,6,3197,3,3,3,9,Low-Value Users
402,402,2012-09-16,106,6,2877,2,3,3,8,Low-Value Users
403,403,2012-11-28,33,6,2926,4,3,3,10,Medium-Value Users
404,404,2012-10-27,65,10,5400,3,4,4,11,Medium-Value Users
405,405,2012-11-14,47,8,4245,3,3,4,10,Medium-Value Users
406,406,2012-09-13,109,3,1368,2,2,2,6,Low-Value Users
407,407,2012-10-25,67,4,1808,3,3,3,9,Low-Value Users
408,408,2012-10-26,66,9,4557,3,3,4,10,Medium-Value Users
409,409,2012-12-10,21,8,3699,4,3,4,11,Medium-Value Users
410,410,2012-11-21,40,5,2517,4,3,3,10,Medium-Value Users
411,411,2012-11-20,41,7,3357,4,3,3,10,Medium-Value Users
412,412,2012-12-11,20,8,3949,4,3,4,11,Medium-Value Users
413,413,2012-10-11,81,5,2255,3,3,3,9,Low-Value Users
414,414,2012-12-04,27,12,5667,4,4,4,12,Medium-Value Users
415,415,2012-10-08,84,11,5184,3,4,4,11,Medium-Value Users
416,416,2012-10-08,84,2,989,3,2,2,7,Low-Value Users
417,417,2012-10-05,87,13,6190,3,4,4,11,Medium-Value Users
418,418,2012-08-27,126,7,3350,2,3,3,8,Low-Value Users
419,419,2012-09-30,92,6,3359,3,3,3,9,Low-Value Users
420,420,2012-11-11,50,4,2265,3,3,3,9,Low-Value Users
421,421,2012-09-11,111,8,3918,2,3,4,9,Low-Value Users
422,422,2012-01-30,336,3,1321,2,2,2,6,Low-Value Users
423,423,2012-07-27,157,6,3040,2,3,3,8,Low-Value Users
424,424,2012-11-11,50,3,1638,3,2,2,7,Low-Value Users
425,425,2012-10-27,65,6,3039,3,3,3,9,Low-Value Users
426,426,2012-06-15,199,8,3852,2,3,4,9,Low-Value Users
427,427,2012-09-22,100,5,2649,3,3,3,9,Low-Value Users
428,428,2012-04-10,265,6,2890,2,3,3,8,Low-Value Users
429,429,2012-07-09,175,8,3895,2,3,4,9,Low-Value Users
430,430,2012-12-07,24,5,2395,4,3,3,10,Medium-Value Users
431,431,2012-07-03,181,3,1436,2,2,2,6,Low-Value Users
432,432,2012-12-14,17,9,4227,4,3,4,11,Medium-Value Users
433,433,2012-10-23,69,6,3307,3,3,3,9,Low-Value Users
434,434,2012-10-19,73,6,3387,3,3,4,10,Medium-Value Users
435,435,2012-10-13,79,6,3287,3,3,3,9,Low-Value Users
436,436,2012-10-20,72,8,4202,3,3,4,10,Medium-Value Users
437,437,2012-10-22,70,11,5597,3,4,4,11,Medium-Value Users
438,438,2012-07-24,160,5,2477,2,3,3,8,Low-Value Users
439,439,2012-10-21,71,3,1655,3,2,2,7,Low-Value Users
440,440,2012-07-19,165,4,1891,2,3,3,8,Low-Value Users
441,441,2012-10-20,72,4,2188,3,3,3,9,Low-Value Users
442,442,2012-05-08,237,7,3350,2,3,3,8,Low-Value Users
443,443,2012-09-22,100,5,2678,3,3,3,9,Low-Value Users
444,444,2012-12-03,28,6,2880,4,3,3,10,Medium-Value Users
445,445,2012-10-26,66,9,4851,3,3,4,10,Medium-Value Users
446,446,2012-12-13,18,4,2237,4,3,3,10,Medium-Value Users
447,447,2012-10-19,73,6,3208,3,3,3,9,Low-Value Users
448,448,2012-11-07,54,5,2671,3,3,3,9,Low-Value Users
449,449,2012-10-17,75,8,3883,3,3,4,10,Medium-Value Users
450,450,2012-12-20,11,6,3252,5,3,3,11,Medium-Value Users
451,451,2012-09-22,100,7,3668,3,3,4,10,Medium-Value Users
452,452,2012-08-02,151,5,2369,2,3,3,8,Low-Value Users
453,453,2012-11-05,56,9,4641,3,3,4,10,Medium-Value Users
454,454,2012-09-16,106,5,2847,2,3,3,8,Low-Value Users
455,455,2012-07-30,154,7,3462,2,3,4,9,Low-Value Users
456,456,2012-09-29,93,5,2959,3,3,3,9,Low-Value Users
457,457,2012-10-23,69,3,1547,3,2,2,7,Low-Value Users
458,458,2012-09-09,113,8,4127,2,3,4,9,Low-Value Users
459,459,2012-08-31,122,7,3477,2,3,4,9,Low-Value Users
460,460,2012-09-22,100,5,2817,3,3,3,9,Low-Value Users
461,461,2012-10-15,77,7,3539,3,3,4,10,Medium-Value Users
462,462,2012-07-03,181,6,3063,2,3,3,8,Low-Value Users
463,463,2012-08-23,130,6,3172,2,3,3,8,Low-Value Users
464,464,2012-12-21,10,6,3167,5,3,3,11,Medium-Value Users
465,465,2012-10-24,68,7,3531,3,3,4,10,Medium-Value Users
466,466,2011-08-05,514,2,1095,2,2,2,6,Low-Value Users
467,467,2012-10-17,75,9,4680,3,3,4,10,Medium-Value Users
468,468,2012-09-21,101,4,2154,3,3,3,9,Low-Value Users
469,469,2012-11-27,34,6,3158,4,3,3,10,Medium-Value Users
470,470,2012-10-01,91,6,3093,3,3,3,9,Low-Value Users
471,471,2012-10-18,74,5,2524,3,3,3,9,Low-Value Users
472,472,2012-07-18,166,7,3720,2,3,4,9,Low-Value Users
473,473,2012-12-07,24,8,4492,4,3,4,11,Medium-Value Users
474,474,2012-10-10,82,8,4473,3,3,4,10,Medium-Value Users
475,475,2012-05-18,227,4,2133,2,3,3,8,Low-Value Users
476,476,2011-05-20,591,1,517,2,2,2,6,Low-Value Users
477,477,2012-11-06,55,2,992,3,2,2,7,Low-Value Users
478,478,2012-12-17,14,9,4693,5,3,4,12,Medium-Value Users
479,479,2012-01-24,342,3,1579,2,2,2,6,Low-Value Users
480,480,2012-09-04,118,9,4750,2,3,4,9,Low-Value Users
481,481,2012-10-05,87,3,1629,3,2,2,7,Low-Value Users
482,483,2012-11-16,45,10,5543,4,4,4,12,Medium-Value Users
483,484,2012-06-28,186,8,4400,2,3,4,9,Low-Value Users
484,485,2011-06-03,577,2,1102,2,2,2,6,Low-Value Users
485,486,2012-11-12,49,9,4893,3,3,4,10,Medium-Value Users
486,487,2012-05-31,214,5,2751,2,3,3,8,Low-Value Users
487,488,2012-10-18,74,7,3871,3,3,4,10,Medium-Value Users
488,489,2012-11-30,31,9,4698,4,3,4,11,Medium-Value Users
489,490,2012-11-12,49,5,2718,3,3,3,9,Low-Value Users
490,491,2012-11-08,53,6,3577,3,3,4,10,Medium-Value Users
491,492,2012-07-31,153,7,3840,2,3,4,9,Low-Value Users
492,493,2012-12-17,14,4,2190,5,3,3,11,Medium-Value Users
493,494,2012-11-27,34,2,1009,4,2,2,8,Low-Value Users
494,495,2012-12-04,27,6,3188,4,3,3,10,Medium-Value Users
495,496,2012-09-23,99,4,2478,3,3,3,9,Low-Value Users
496,497,2012-10-25,67,5,2742,3,3,3,9,Low-Value Users
497,498,2012-10-10,82,6,3205,3,3,3,9,Low-Value Users
498,499,2012-08-27,126,3,1703,2,2,2,6,Low-Value Users
499,500,2012-08-21,132,4,2185,2,3,3,8,Low-Value Users
500,501,2012-11-07,54,4,2143,3,3,3,9,Low-Value Users
501,502,2012-11-26,35,4,2259,4,3,3,10,Medium-Value Users
502,503,2012-07-16,168,3,1710,2,2,2,6,Low-Value Users
503,504,2012-10-03,89,4,2113,3,3,3,9,Low-Value Users
504,505,2012-10-16,76,3,1613,3,2,2,7,Low-Value Users
505,506,2012-10-24,68,5,2770,3,3,3,9,Low-Value Users
506,507,2012-12-13,18,4,2297,4,3,3,10,Medium-Value Users
507,508,2012-06-25,189,4,2154,2,3,3,8,Low-Value Users
508,509,2012-08-02,151,5,2891,2,3,3,8,Low-Value Users
509,510,2012-09-09,113,5,3025,2,3,3,8,Low-Value Users
510,511,2012-09-27,95,3,1721,3,2,2,7,Low-Value Users
511,512,2012-12-18,13,4,2285,5,3,3,11,Medium-Value Users
512,513,2012-09-24,98,4,2283,3,3,3,9,Low-Value Users
513,514,2012-11-27,34,9,4922,4,3,4,11,Medium-Value Users
514,515,2012-12-12,19,4,2298,4,3,3,10,Medium-Value Users
515,516,2012-04-19,256,5,2831,2,3,3,8,Low-Value Users
516,517,2012-02-27,308,4,2303,2,3,3,8,Low-Value Users
517,518,2012-05-11,234,2,1155,2,2,2,6,Low-Value Users
518,519,2012-10-23,69,2,1152,3,2,2,7,Low-Value Users
519,520,2012-11-29,32,1,537,4,2,2,8,Low-Value Users
520,521,2011-05-17,594,1,604,2,2,2,6,Low-Value Users
521,522,2012-10-24,68,3,1723,3,2,2,7,Low-Value Users
522,523,2012-12-11,20,7,4079,4,3,4,11,Medium-Value Users
523,524,2012-08-22,131,4,2386,2,3,3,8,Low-Value Users
524,525,2012-08-15,138,4,2448,2,3,3,8,Low-Value Users
525,526,2012-09-23,99,1,776,3,2,2,7,Low-Value Users
526,527,2012-04-11,264,5,2980,2,3,3,8,Low-Value Users
527,529,2012-09-19,103,4,2411,2,3,3,8,Low-Value Users
528,530,2012-11-28,33,3,1723,4,2,2,8,Low-Value Users
529,531,2012-08-29,124,4,2293,2,3,3,8,Low-Value Users
530,532,2012-08-30,123,5,3079,2,3,3,8,Low-Value Users
531,533,2012-12-18,13,5,2928,5,3,3,11,Medium-Value Users
532,534,2012-11-20,41,7,4089,4,3,4,11,Medium-Value Users
533,535,2012-06-21,193,1,615,2,2,2,6,Low-Value Users
534,536,2012-12-19,12,2,1155,5,2,2,9,Low-Value Users
535,537,2012-08-23,130,4,2397,2,3,3,8,Low-Value Users
536,538,2012-05-01,244,1,557,2,2,2,6,Low-Value Users
537,539,2012-12-07,24,7,4027,4,3,4,11,Medium-Value Users
538,540,2012-12-12,19,7,4085,4,3,4,11,Medium-Value Users
539,541,2012-11-15,46,1,563,3,2,2,7,Low-Value Users
540,542,2012-12-06,25,4,2449,4,3,3,10,Medium-Value Users
541,543,2012-11-14,47,4,2375,3,3,3,9,Low-Value Users
542,544,2012-12-10,21,3,1718,4,2,2,8,Low-Value Users
543,545,2012-03-08,298,2,1187,2,2,2,6,Low-Value Users
544,546,2012-12-19,12,4,2275,5,3,3,11,Medium-Value Users
545,547,2012-05-04,241,3,1817,2,2,3,7,Low-Value Users
546,548,2012-07-02,182,2,1239,2,2,2,6,Low-Value Users
547,549,2012-09-13,109,5,2961,2,3,3,8,Low-Value Users
548,551,2012-11-30,31,5,2987,4,3,3,10,Medium-Value Users
549,552,2012-08-10,143,1,640,2,2,2,6,Low-Value Users
550,553,2012-11-20,41,3,1804,4,2,3,9,Low-Value Users
551,554,2012-06-04,210,3,1823,2,2,3,7,Low-Value Users
552,555,2012-06-25,189,3,1839,2,2,3,7,Low-Value Users
553,556,2012-11-08,53,2,1176,3,2,2,7,Low-Value Users
554,557,2012-09-12,110,3,1864,2,2,3,7,Low-Value Users
555,558,2012-08-16,137,2,1345,2,2,2,6,Low-Value Users
556,559,2012-11-19,42,1,580,4,2,2,8,Low-Value Users
557,560,2012-07-11,173,2,1287,2,2,2,6,Low-Value Users
558,561,2012-08-17,136,2,1279,2,2,2,6,Low-Value Users
559,562,2012-09-10,112,2,1273,2,2,2,6,Low-Value Users
560,563,2012-11-15,46,3,1742,3,2,3,8,Low-Value Users
561,564,2012-11-14,47,5,3160,3,3,3,9,Low-Value Users
562,565,2012-04-26,249,2,1246,2,2,2,6,Low-Value Users
563,566,2012-10-12,80,1,642,3,2,2,7,Low-Value Users
564,567,2012-08-08,145,4,2471,2,3,3,8,Low-Value Users
565,568,2012-11-06,55,1,588,3,2,2,7,Low-Value Users
566,570,2012-05-22,223,2,1259,2,2,2,6,Low-Value Users
567,571,2012-10-01,91,2,1206,3,2,2,7,Low-Value Users
568,572,2012-09-11,111,2,1289,2,2,2,6,Low-Value Users
569,573,2012-08-03,150,2,1256,2,2,2,6,Low-Value Users
570,575,2012-12-10,21,4,2473,4,3,3,10,Medium-Value Users
571,576,2012-12-05,26,3,1952,4,2,3,9,Low-Value Users
572,577,2012-06-28,186,3,1865,2,2,3,7,Low-Value Users
573,578,2012-12-10,21,2,1221,4,2,2,8,Low-Value Users
574,579,2012-05-11,234,3,1810,2,2,3,7,Low-Value Users
575,580,2012-12-11,20,5,3126,4,3,3,10,Medium-Value Users
576,581,2012-11-02,59,2,1233,3,2,2,7,Low-Value Users
577,582,2012-12-17,14,3,1912,5,2,3,10,Medium-Value Users
578,583,2012-11-07,54,1,601,3,2,2,7,Low-Value Users
579,584,2012-10-26,66,3,1948,3,2,3,8,Low-Value Users
580,585,2012-12-20,11,1,599,5,2,2,9,Low-Value Users
581,586,2012-12-06,25,3,1882,4,2,3,9,Low-Value Users
582,588,2012-05-29,216,1,634,2,2,2,6,Low-Value Users
583,589,2012-09-26,96,3,1967,3,2,3,8,Low-Value Users
584,591,2012-08-14,139,2,1290,2,2,2,6,Low-Value Users
585,592,2012-08-22,131,1,683,2,2,2,6,Low-Value Users
586,593,2012-11-09,52,2,1484,3,2,2,7,Low-Value Users
587,594,2012-09-13,109,3,1980,2,2,3,7,Low-Value Users
588,595,2012-06-18,196,2,1259,2,2,2,6,Low-Value Users
589,596,2012-06-12,202,2,1309,2,2,2,6,Low-Value Users
590,597,2012-11-06,55,2,1324,3,2,2,7,Low-Value Users
591,598,2012-09-05,117,5,3304,2,3,3,8,Low-Value Users
592,599,2012-04-24,251,2,1275,2,2,2,6,Low-Value Users
593,600,2012-06-20,194,1,643,2,2,2,6,Low-Value Users
594,601,2012-04-16,259,2,1441,2,2,2,6,Low-Value Users
595,602,2012-05-07,238,2,1303,2,2,2,6,Low-Value Users
596,603,2012-05-15,230,2,1308,2,2,2,6,Low-Value Users
597,604,2012-11-05,56,3,1908,3,2,3,8,Low-Value Users
598,605,2012-05-17,228,2,1275,2,2,2,6,Low-Value Users
599,608,2012-05-07,238,2,1266,2,2,2,6,Low-Value Users
600,609,2012-09-28,94,2,1320,3,2,2,7,Low-Value Users
601,610,2012-04-05,270,1,638,2,2,2,6,Low-Value Users
602,611,2012-06-20,194,2,1355,2,2,2,6,Low-Value Users
603,613,2012-06-11,203,2,1353,2,2,2,6,Low-Value Users
604,614,2012-03-13,293,1,676,2,2,2,6,Low-Value Users
605,615,2012-10-31,61,5,3341,3,3,3,9,Low-Value Users
606,616,2012-05-01,244,2,1410,2,2,2,6,Low-Value Users
607,617,2012-09-04,118,4,2669,2,3,3,8,Low-Value Users
608,618,2012-08-20,133,3,2014,2,2,3,7,Low-Value Users
609,619,2012-08-10,143,3,2088,2,2,3,7,Low-Value Users
610,620,2012-07-20,164,3,2140,2,2,3,7,Low-Value Users
611,621,2012-04-13,262,1,738,2,2,2,6,Low-Value Users
612,622,2012-09-06,116,2,1302,2,2,2,6,Low-Value Users
613,623,2012-12-14,17,2,1348,4,2,2,8,Low-Value Users
614,624,2012-07-18,166,1,679,2,2,2,6,Low-Value Users
615,625,2012-11-15,46,5,3309,3,3,3,9,Low-Value Users
616,626,2012-04-10,265,1,704,2,2,2,6,Low-Value Users
617,627,2012-08-24,129,2,1515,2,2,2,6,Low-Value Users
618,628,2012-11-01,60,5,3424,3,3,4,10,Medium-Value Users
619,629,2012-11-26,35,3,1991,4,2,3,9,Low-Value Users
620,631,2012-04-17,258,1,673,2,2,2,6,Low-Value Users
621,632,2012-05-29,216,1,710,2,2,2,6,Low-Value Users
622,633,2012-06-19,195,1,673,2,2,2,6,Low-Value Users
623,634,2012-06-28,186,5,3581,2,3,4,9,Low-Value Users
624,636,2012-08-03,150,1,668,2,2,2,6,Low-Value Users
625,637,2012-06-06,208,1,668,2,2,2,6,Low-Value Users
626,638,2012-06-27,187,2,1421,2,2,2,6,Low-Value Users
627,639,2012-10-02,90,2,1345,3,2,2,7,Low-Value Users
628,640,2012-09-18,104,4,2799,2,3,3,8,Low-Value Users
629,641,2012-05-08,237,1,710,2,2,2,6,Low-Value Users
630,642,2012-08-15,138,6,4267,2,3,4,9,Low-Value Users
631,643,2012-06-04,210,1,665,2,2,2,6,Low-Value Users
632,644,2012-07-11,173,1,674,2,2,2,6,Low-Value Users
633,645,2012-04-04,271,1,744,2,2,2,6,Low-Value Users
634,646,2012-12-06,25,3,2159,4,2,3,9,Low-Value Users
635,647,2012-09-17,105,3,2223,2,2,3,7,Low-Value Users
636,648,2012-08-13,140,3,2151,2,2,3,7,Low-Value Users
637,649,2012-11-20,41,4,2737,4,3,3,10,Medium-Value Users
638,650,2012-11-19,42,1,663,4,2,2,8,Low-Value Users
639,651,2012-04-19,256,1,677,2,2,2,6,Low-Value Users
640,652,2012-12-18,13,5,3434,5,3,4,12,Medium-Value Users
641,653,2012-07-12,172,2,1386,2,2,2,6,Low-Value Users
642,654,2012-08-31,122,2,1491,2,2,2,6,Low-Value Users
643,655,2012-12-13,18,2,1440,4,2,2,8,Low-Value Users
644,656,2012-11-02,59,3,2241,3,2,3,8,Low-Value Users
645,658,2012-07-02,182,1,730,2,2,2,6,Low-Value Users
646,659,2012-05-24,221,2,1421,2,2,2,6,Low-Value Users
647,660,2012-07-13,171,1,713,2,2,2,6,Low-Value Users
648,661,2012-06-07,207,3,2251,2,2,3,7,Low-Value Users
649,662,2012-10-11,81,3,2193,3,2,3,8,Low-Value Users
650,663,2012-06-08,206,2,1448,2,2,2,6,Low-Value Users
651,664,2012-11-29,32,4,2807,4,3,3,10,Medium-Value Users
652,665,2012-12-19,12,5,3667,5,3,4,12,Medium-Value Users
653,666,2012-12-03,28,1,692,4,2,2,8,Low-Value Users
654,667,2012-05-07,238,1,769,2,2,2,6,Low-Value Users
655,668,2012-11-09,52,4,2766,3,3,3,9,Low-Value Users
656,669,2012-07-16,168,2,1478,2,2,2,6,Low-Value Users
657,670,2012-12-12,19,6,4318,4,3,4,11,Medium-Value Users
658,672,2012-07-23,161,2,1454,2,2,2,6,Low-Value Users
659,673,2012-04-17,258,1,781,2,2,2,6,Low-Value Users
660,674,2012-09-28,94,2,1486,3,2,2,7,Low-Value Users
661,675,2012-07-17,167,3,2157,2,2,3,7,Low-Value Users
662,677,2012-10-02,90,4,3092,3,3,3,9,Low-Value Users
663,678,2012-07-19,165,2,1569,2,2,2,6,Low-Value Users
664,679,2012-06-08,206,2,1583,2,2,2,6,Low-Value Users
665,680,2012-07-26,158,2,1439,2,2,2,6,Low-Value Users
666,681,2012-08-02,151,3,2287,2,2,3,7,Low-Value Users
667,682,2012-06-14,200,1,719,2,2,2,6,Low-Value Users
668,683,2012-11-28,33,1,692,4,2,2,8,Low-Value Users
669,684,2012-10-31,61,3,2272,3,2,3,8,Low-Value Users
670,688,2012-06-06,208,2,1594,2,2,2,6,Low-Value Users
671,689,2012-08-08,145,1,737,2,2,2,6,Low-Value Users
672,690,2012-09-07,115,1,719,2,2,2,6,Low-Value Users
673,691,2012-07-23,161,2,1529,2,2,2,6,Low-Value Users
674,692,2012-10-26,66,3,2350,3,2,3,8,Low-Value Users
675,693,2012-12-04,27,3,2500,4,2,3,9,Low-Value Users
676,694,2012-11-16,45,2,1454,4,2,2,8,Low-Value Users
677,695,2012-08-24,129,1,812,2,2,2,6,Low-Value Users
678,696,2012-10-22,70,3,2196,3,2,3,8,Low-Value Users
679,697,2012-09-10,112,5,3970,2,3,4,9,Low-Value Users
680,698,2012-10-09,83,2,1536,3,2,2,7,Low-Value Users
681,699,2012-09-21,101,2,1615,3,2,2,7,Low-Value Users
682,700,2012-12-04,27,3,2249,4,2,3,9,Low-Value Users
683,701,2012-08-30,123,1,754,2,2,2,6,Low-Value Users
684,702,2012-09-11,111,1,750,2,2,2,6,Low-Value Users
685,703,2012-08-24,129,3,2297,2,2,3,7,Low-Value Users
686,704,2012-07-12,172,2,1590,2,2,2,6,Low-Value Users
687,706,2012-10-12,80,1,837,3,2,2,7,Low-Value Users
688,707,2012-09-28,94,1,808,3,2,2,7,Low-Value Users
689,708,2012-12-11,20,2,1498,4,2,2,8,Low-Value Users
690,709,2012-11-30,31,4,3146,4,3,3,10,Medium-Value Users
691,711,2012-10-12,80,4,3080,3,3,3,9,Low-Value Users
692,712,2012-12-03,28,2,1503,4,2,2,8,Low-Value Users
693,713,2012-10-15,77,1,737,3,2,2,7,Low-Value Users
694,714,2012-10-26,66,1,734,3,2,2,7,Low-Value Users
695,715,2012-09-14,108,2,1566,2,2,2,6,Low-Value Users
696,716,2012-08-13,140,3,2426,2,2,3,7,Low-Value Users
697,718,2012-08-02,151,1,739,2,2,2,6,Low-Value Users
698,719,2012-09-24,98,5,4052,3,3,4,10,Medium-Value Users
699,720,2012-10-18,74,2,1539,3,2,2,7,Low-Value Users
700,723,2012-08-16,137,1,832,2,2,2,6,Low-Value Users
701,725,2012-09-13,109,2,1569,2,2,2,6,Low-Value Users
702,726,2012-10-22,70,5,4009,3,3,4,10,Medium-Value Users
703,727,2012-09-12,110,1,770,2,2,2,6,Low-Value Users
704,730,2012-07-31,153,2,1603,2,2,2,6,Low-Value Users
705,732,2012-10-25,67,1,809,3,2,2,7,Low-Value Users
706,733,2012-10-23,69,4,3212,3,3,3,9,Low-Value Users
707,734,2012-08-14,139,3,2517,2,2,3,7,Low-Value Users
708,735,2012-07-30,154,2,1626,2,2,2,6,Low-Value Users
709,736,2012-08-28,125,1,818,2,2,2,6,Low-Value Users
710,737,2012-12-05,26,2,1586,4,2,2,8,Low-Value Users
711,739,2012-09-21,101,2,1671,3,2,2,7,Low-Value Users
712,740,2012-09-17,105,2,1672,2,2,2,6,Low-Value Users
713,741,2012-09-06,116,2,1657,2,2,2,6,Low-Value Users
714,742,2012-10-05,87,2,1727,3,2,2,7,Low-Value Users
715,743,2012-08-07,146,2,1711,2,2,2,6,Low-Value Users
716,744,2012-10-01,91,5,4205,3,3,4,10,Medium-Value Users
717,745,2012-09-04,118,3,2489,2,2,3,7,Low-Value Users
718,746,2012-10-25,67,5,4079,3,3,4,10,Medium-Value Users
719,749,2012-10-05,87,4,3301,3,3,3,9,Low-Value Users
720,750,2012-06-14,200,1,867,2,2,2,6,Low-Value Users
721,751,2012-08-30,123,3,2536,2,2,3,7,Low-Value Users
722,756,2012-10-03,89,2,1649,3,2,2,7,Low-Value Users
723,757,2012-09-14,108,4,3420,2,3,4,9,Low-Value Users
724,758,2012-10-09,83,5,4113,3,3,4,10,Medium-Value Users
725,760,2012-07-23,161,1,847,2,2,2,6,Low-Value Users
726,761,2012-09-06,116,1,835,2,2,2,6,Low-Value Users
727,762,2012-10-23,69,2,1696,3,2,2,7,Low-Value Users
728,764,2012-09-25,97,2,1655,3,2,2,7,Low-Value Users
729,765,2012-07-30,154,1,827,2,2,2,6,Low-Value Users
730,766,2012-10-17,75,1,888,3,2,2,7,Low-Value Users
731,767,2012-10-16,76,4,3489,3,3,4,10,Medium-Value Users
732,768,2012-08-15,138,1,848,2,2,2,6,Low-Value Users
733,769,2012-07-10,174,2,1745,2,2,3,7,Low-Value Users
734,770,2012-05-02,243,1,813,2,2,2,6,Low-Value Users
735,773,2012-10-11,81,1,798,3,2,2,7,Low-Value Users
736,774,2012-10-25,67,3,2544,3,2,3,8,Low-Value Users
737,775,2012-08-02,151,2,1734,2,2,3,7,Low-Value Users
738,777,2012-10-24,68,1,801,3,2,2,7,Low-Value Users
739,778,2012-06-07,207,1,869,2,2,2,6,Low-Value Users
740,779,2012-10-17,75,1,817,3,2,2,7,Low-Value Users
741,780,2012-09-05,117,2,1671,2,2,2,6,Low-Value Users
742,781,2012-10-03,89,2,1709,3,2,2,7,Low-Value Users
743,782,2012-06-13,201,1,857,2,2,2,6,Low-Value Users
744,783,2012-07-25,159,1,913,2,2,2,6,Low-Value Users
745,786,2012-08-21,132,2,1769,2,2,3,7,Low-Value Users
746,787,2012-10-10,82,3,2619,3,2,3,8,Low-Value Users
747,788,2012-10-18,74,1,890,3,2,2,7,Low-Value Users
748,789,2012-10-04,88,1,901,3,2,2,7,Low-Value Users
749,790,2012-07-09,175,1,872,2,2,2,6,Low-Value Users
750,791,2012-10-01,91,1,856,3,2,2,7,Low-Value Users
751,794,2012-10-17,75,1,884,3,2,2,7,Low-Value Users
752,795,2012-10-24,68,1,858,3,2,2,7,Low-Value Users
753,796,2012-06-26,188,1,900,2,2,2,6,Low-Value Users
754,800,2012-10-16,76,1,835,3,2,2,7,Low-Value Users
755,802,2012-09-11,111,1,970,2,2,2,6,Low-Value Users
756,803,2012-10-18,74,1,834,3,2,2,7,Low-Value Users
757,806,2012-10-10,82,1,839,3,2,2,7,Low-Value Users
758,807,2012-09-19,103,1,892,2,2,2,6,Low-Value Users
759,808,2012-09-26,96,1,838,3,2,2,7,Low-Value Users
760,809,2012-09-24,98,1,898,3,2,2,7,Low-Value Users
761,810,2012-08-20,133,1,893,2,2,2,6,Low-Value Users
762,811,2012-09-12,110,2,1866,2,2,3,7,Low-Value Users
763,812,2012-10-04,88,2,1773,3,2,3,8,Low-Value Users
764,815,2012-09-26,96,1,884,3,2,2,7,Low-Value Users
765,818,2012-09-27,95,1,905,3,2,2,7,Low-Value Users
766,822,2012-09-27,95,1,899,3,2,2,7,Low-Value Users
767,833,2012-10-03,89,1,917,3,2,2,7,Low-Value Users
768,838,2012-10-22,70,1,922,3,2,2,7,Low-Value Users
769,839,2012-10-16,76,1,943,3,2,2,7,Low-Value Users
770,857,2012-10-10,82,2,1916,3,2,3,8,Low-Value Users
771,860,2012-09-25,97,1,967,3,2,2,7,Low-Value Users
772,871,2012-10-23,69,1,938,3,2,2,7,Low-Value Users
773,876,2012-10-24,68,2,1916,3,2,3,8,Low-Value Users
774,885,2012-09-20,102,1,976,2,2,2,6,Low-Value Users
775,886,2012-09-12,110,1,977,2,2,2,6,Low-Value Users
